"Dolphin.ID","entry","adult_entry","depart","genotyped","haplotype","age","adult_age","provisioned","centroid_lat","centroid_long","num_sightings","num_sightings_adult","relocations","prop_genotyped","ForagingType","ForagingName","total_yrs","adult_yrs","matkins","patkins","unkkins","distkins","totkins"
"ID083",2007-05-17,2011-11-01,2019-12-07,"Y","",13,14,"N",7139458,777304,33,30,39,0.842105263157895,1,"MLLFOR/TDPDFOR",12.5585215605749,8.09719370294319,2,0,0,8,2
"ID089",2007-05-17,2007-05-17,2019-12-07,"Y","",26,26,"N",7160318,764154,23,23,37,0.763157894736842,2,"TDPDFOR",12.5585215605749,12.5585215605749,1,0,3,6,4
"ID140",2007-05-17,2007-05-17,2016-05-01,"Y","E",16,16,"N",7153586,767041,21,21,89,0.9375,1,"MLLFOR/TDPDFOR",8.95824777549624,8.95824777549624,3,2,0,8,5
"ID100",2007-05-17,2007-05-17,2019-12-07,"Y","A",29,29,"N",7158018,766104,35,35,50,0.84,2,"TDPDFOR",12.5585215605749,12.5585215605749,1,0,3,2,4
"ID149",2013-06-08,NA,2019-12-07,"Y","E",7,10,"N",7152319,768841,31,5,46,1,NA,NA,6.49691991786448,NA,0,0,0,0,0
"ID086",2007-05-30,2013-12-31,2019-12-07,"Y","H",10,12,"N",7148336,771869,77,42,174,0.961538461538462,3,"SPF",12.5229295003422,5.9315537303217,2,8,0,12,10
"ID146",2007-05-17,2007-05-17,2019-12-07,"Y","E",28,28,"N",7153535,767323,34,34,100,0.818181818181818,2,"TDPDFOR",12.5585215605749,12.5585215605749,1,4,0,8,5
"ID157",2007-05-17,2007-05-17,2019-12-07,"N","",26,26,"N",7162989,762559,11,11,18,0.777777777777778,NA,NA,12.5585215605749,12.5585215605749,0,0,0,0,0
"ID022",2007-05-17,2007-05-17,2019-12-07,"Y","E",31,31,"N",7153621,767166,38,38,159,0.904761904761905,2,"TDPDFOR",12.5585215605749,12.5585215605749,2,2,1,12,5
"ID097",2007-05-17,2007-05-17,2016-05-01,"Y","H",39,39,"N",7144146,778796,20,20,88,0.5,3,"SPF",8.95824777549624,8.95824777549624,3,0,0,8,3
"ID027",2007-05-17,2007-05-17,2019-12-07,"Y","E",43,43,"N",7150027,771215,78,78,359,0.867647058823529,2,"TDPDFOR",12.5585215605749,12.5585215605749,1,0,0,13,1
"ID108",2007-05-17,2007-05-17,2019-12-07,"Y","A",17,17,"N",7141951,776569,39,39,87,0.911764705882353,4,"SEAGRASS FOR",12.5585215605749,12.5585215605749,0,0,2,18,2
"ID059",2015-06-03,NA,2019-12-07,"Y","A",6,NA,"N",7146649,771994,74,NA,183,NA,NA,NA,4.5119780971937,NA,0,0,0,0,0
"ID021",2007-05-17,2010-11-01,2019-09-22,"Y","H",14,15,"N",7147282,774856,61,55,79,0.909090909090909,3,"SPF",12.3504449007529,8.88843258042437,0,2,0,13,2
"ID078",2007-05-17,2007-05-17,2019-12-07,"Y","H",32,32,"N",7143151,778171,43,43,113,0.9,3,"SPF",12.5585215605749,12.5585215605749,0,0,1,10,1
"ID074",2007-05-17,2007-05-17,2019-12-07,"Y","A",36,36,"N",7157455,764988,20,20,64,0.777777777777778,4,"SEAGRASS FOR",12.5585215605749,12.5585215605749,4,0,0,8,4
"ID087",2007-05-17,2008-12-11,2019-07-26,"Y","A",15,16,"N",7148847,769845,179,174,487,0.901408450704225,1,"MLLFOR/TDPDFOR",12.1916495550992,10.6187542778919,2,8,0,9,10
"ID023",2007-05-17,2012-10-31,2017-05-20,"N","A",11,12,"N",7158303,763954,14,11,34,0.782608695652174,NA,NA,10.009582477755,4.54893908281999,2,0,0,0,2
"ID073",2007-05-17,2007-05-17,2019-12-07,"Y","H",41,41,"N",7146316,774115,105,105,321,0.918367346938776,3,"SPF",12.5585215605749,12.5585215605749,1,1,2,11,4
"ID025",2007-05-17,2007-05-17,2018-07-24,"N","",18,18,"N",7156319,769762,16,16,58,0.952380952380952,NA,NA,11.1868583162218,11.1868583162218,0,0,0,0,0
"ID069",2016-05-11,NA,2019-09-22,"Y","A",6,NA,"N",7142478,776888,12,NA,30,NA,NA,NA,3.36481861738535,NA,0,0,0,0,0
"ID065",2011-08-07,NA,2019-12-07,"Y","H",7,12,"N",7146795,777192,21,3,27,NA,NA,NA,8.33401779603012,NA,0,0,0,0,0
"ID040",2007-05-17,2010-05-01,2016-09-01,"Y","A",12,13,"N",7142946,777499,17,14,48,0.846153846153846,1,"MLLFOR/TDPDFOR",9.29500342231348,6.33675564681725,1,1,0,8,2
"ID090",2007-05-17,2007-11-01,2019-08-19,"N","H",16,16,"N",7143985,778361,33,33,98,0.9,NA,NA,12.2573579739904,11.7960301163587,3,0,0,0,3
"ID131",2007-05-17,2007-05-17,2019-12-07,"Y","",22,22,"N",7142344,779357,12,12,35,1,NA,NA,12.5585215605749,12.5585215605749,0,0,2,12,2
"ID111",2007-05-17,2010-11-01,2019-06-27,"N","",14,14,"N",7175463,752764,12,10,17,0.4,NA,NA,12.1122518822724,8.65023956194387,0,0,0,0,0
"ID177",2007-05-17,2007-05-17,2019-12-07,"Y","E",20,20,"N",7154710,768459,12,12,62,1,NA,NA,12.5585215605749,12.5585215605749,2,2,0,3,4
"ID123",2007-05-17,2007-05-17,2019-12-07,"Y","E",22,22,"N",7153110,767944,45,45,107,0.886792452830189,2,"TDPDFOR",12.5585215605749,12.5585215605749,3,1,1,7,5
"ID005",2007-05-17,2007-05-17,2019-12-07,"Y","A",18,18,"N",7158705,766178,17,17,44,0.767441860465116,2,"TDPDFOR",12.5585215605749,12.5585215605749,1,3,0,7,4
"ID034",2007-05-17,2009-10-31,2019-12-07,"Y","D",16,16,"N",7147374,776330,36,36,55,0.939393939393939,2,"TDPDFOR",12.5585215605749,10.0985626283368,2,0,0,7,2
"ID148",2009-08-13,NA,2019-12-07,"Y","E",9,12,"N",7154503,768199,17,7,23,1,NA,NA,10.3162217659138,NA,0,0,0,0,0
"ID169",2007-05-17,2011-11-01,2019-12-07,"Y","A",13,14,"N",7154346,767841,33,23,53,0.9375,2,"TDPDFOR",12.5585215605749,8.09719370294319,1,0,0,4,1
"ID032",2007-05-17,2007-05-17,2011-05-01,"N","A",19,19,"N",7147238,774617,14,14,184,0.833333333333333,NA,NA,3.95619438740589,3.95619438740589,2,0,0,0,2
"ID143",2007-05-17,2008-02-01,2019-12-07,"Y","E",15,16,"N",7154553,767923,15,14,31,0.9375,NA,NA,12.5585215605749,11.845311430527,2,3,0,6,5
"ID096",2007-05-17,2007-05-17,2019-12-07,"Y","A",22,22,"N",7172500,755679,11,11,21,0.444444444444444,NA,NA,12.5585215605749,12.5585215605749,0,1,0,12,1
"ID052",2007-05-17,2007-05-17,2019-12-07,"Y","A",20,20,"N",7148364,774591,44,44,166,0.862745098039216,2,"TDPDFOR",12.5585215605749,12.5585215605749,2,4,0,26,6
"ID070",2007-05-17,2007-05-17,2014-05-01,"Y","",16,16,"N",7144932,777431,19,19,66,0.85,4,"SEAGRASS FOR",6.95687885010267,6.95687885010267,0,1,1,12,2
"ID007",2007-05-17,2008-10-31,2019-12-07,"N","",16,16,"N",7152204,770490,10,10,14,0.666666666666667,NA,NA,12.5585215605749,11.09787816564,0,0,0,0,0
"ID047",2013-03-27,NA,2019-12-07,"Y","",6,NA,"N",7140204,780278,14,NA,25,NA,NA,NA,6.69678302532512,NA,0,0,0,0,0
"ID093",2007-05-17,2007-05-17,2019-12-07,"Y","",26,26,"N",7151830,771924,27,27,48,0.875,2,"TDPDFOR",12.5585215605749,12.5585215605749,0,0,2,12,2
"ID067",2009-05-01,2015-01-15,2019-12-07,"N","",11,11,"N",7160100,764023,13,10,19,0.653846153846154,NA,NA,10.6009582477755,4.8911704312115,0,0,0,0,0
"ID151",2014-10-15,NA,2019-12-07,"Y","A",7,NA,"N",7152021,767931,38,NA,62,NA,NA,NA,5.14442162902122,NA,0,0,0,0,0
"ID159",2007-05-17,2007-05-17,2019-12-07,"Y","H",27,27,"N",7147668,772355,81,81,337,0.888888888888889,3,"SPF",12.5585215605749,12.5585215605749,3,8,0,8,11
"ID167",2007-05-17,2007-05-17,2019-12-07,"N","",24,24,"N",7161602,762940,15,15,22,0.75,NA,NA,12.5585215605749,12.5585215605749,0,0,0,0,0
"ID029",2007-05-17,2009-10-14,2019-12-07,"Y","H",14,15,"N",7146719,773704,119,107,268,0.925,3,"SPF",12.5585215605749,10.145106091718,2,8,0,10,10
"ID066",2007-05-17,2007-05-17,2019-12-07,"Y","E",21,21,"N",7155012,769054,22,22,97,0.911111111111111,1,"MLLFOR/TDPDFOR",12.5585215605749,12.5585215605749,0,2,0,6,2
"ID098",2007-05-17,2008-10-31,2018-10-02,"Y","",15,15,"N",7151157,770031,44,41,105,1,2,"TDPDFOR",11.378507871321,9.91786447638604,0,6,0,11,6
"ID064",2007-06-03,2013-11-18,2019-12-07,"Y","E",11,13,NA,7146954,771896,226,157,393,0.96875,1,"MLLFOR/TDPDFOR",12.5119780971937,6.04928131416838,3,11,0,2,14
"ID107",2007-05-17,2007-05-17,2019-12-07,"Y","D",40,40,"N",7147573,773769,39,39,202,0.928571428571429,1,"MLLFOR/TDPDFOR",12.5585215605749,12.5585215605749,3,1,0,5,4
"ID127",2010-07-30,2016-10-31,2019-12-07,"Y","A",9,11,"N",7142567,778460,21,7,33,1,NA,NA,9.35523613963039,3.09787816563997,1,1,0,17,2
"ID102",2007-05-17,2007-05-17,2019-12-07,"Y","E",23,23,"N",7141834,778983,23,23,47,0.869565217391304,2,"TDPDFOR",12.5585215605749,12.5585215605749,0,1,0,15,1
"ID024",2007-05-17,2007-05-17,2019-12-07,"Y","E",34,34,"N",7157095,767288,18,18,46,1,2,"TDPDFOR",12.5585215605749,12.5585215605749,0,1,0,5,1
"ID077",2007-05-17,2007-05-17,2019-12-07,"Y","A",23,23,"N",7161791,761851,14,14,68,0.740740740740741,NA,NA,12.5585215605749,12.5585215605749,3,0,0,6,3
"ID165",2011-05-01,NA,2019-12-07,"Y","H",9,11,"N",7147334,775557,21,10,27,1,NA,NA,8.60232717316906,NA,0,0,0,0,0
"ID068",2007-05-17,2007-05-17,2019-12-07,"Y","E",20,20,"N",7153018,770343,19,19,75,0.823529411764706,2,"TDPDFOR",12.5585215605749,12.5585215605749,1,0,1,9,2
"ID016",2011-02-20,NA,2019-12-07,"Y","E",8,11,"N",7151665,771593,25,6,31,1,NA,NA,8.79397672826831,NA,0,0,0,0,0
"ID099",2007-05-17,2007-05-17,2019-12-07,"Y","E",27,27,"N",7153042,768039,52,52,188,0.925925925925926,1,"MLLFOR/TDPDFOR",12.5585215605749,12.5585215605749,2,9,0,6,11
"ID153",2011-05-01,NA,2019-12-07,"Y","E",8,11,"N",7145648,771989,176,44,336,1,NA,NA,8.60232717316906,NA,0,0,0,0,0
"ID013",2007-05-17,2007-05-17,2019-12-07,"Y","E",23,23,"N",7152974,767336,41,41,101,0.9,2,"TDPDFOR",12.5585215605749,12.5585215605749,0,5,0,9,5
"ID136",2008-07-25,2014-10-15,2019-12-07,"N","A",11,13,"N",7161495,762149,13,8,24,0.818181818181818,NA,NA,11.3675564681725,5.14305270362765,0,0,0,0,0
"ID142",2013-08-21,NA,2019-12-07,"Y","H",7,10,"N",7146141,774892,40,6,84,1,NA,NA,6.2943189596167,NA,0,0,0,0,0
"ID058",2007-05-17,2007-11-01,2019-12-07,"Y","H",16,16,"N",7148220,775038,58,58,150,0.96078431372549,3,"SPF",12.5585215605749,12.0971937029432,3,0,0,10,3
"ID119",2007-05-17,2007-05-17,2019-12-07,"Y","A",33,33,"N",7141733,775538,25,25,43,0.769230769230769,4,"SEAGRASS FOR",12.5585215605749,12.5585215605749,3,0,1,5,4
"ID075",2007-05-17,2007-05-17,2016-05-01,"Y","H",14,14,"N",7143191,776144,12,12,51,0.722222222222222,NA,NA,8.95824777549624,8.95824777549624,1,1,1,18,3
"ID014",2007-05-17,2007-05-17,2019-12-07,"Y","D",28,28,"N",7145317,777194,26,26,40,0.857142857142857,2,"TDPDFOR",12.5585215605749,12.5585215605749,2,0,0,8,2
"ID061",2010-11-01,2016-10-31,2019-12-07,"Y","H",9,12,"N",7145514,776388,50,18,75,1,NA,NA,9.09787816563997,3.09787816563997,1,2,0,13,3
"ID012",2007-05-17,2007-05-17,2017-05-01,"Y","H",39,39,"N",7147407,774721,44,44,167,0.866666666666667,3,"SPF",9.95756331279945,9.95756331279945,3,0,0,5,3
"ID115",2007-05-17,2008-10-31,2019-12-07,"N","E",15,15,"N",7143562,778424,16,16,47,0.962962962962963,NA,NA,12.5585215605749,11.09787816564,0,0,0,0,0
"ID038",2007-05-17,2007-05-17,2017-05-01,"Y","C",30,30,"N",7145678,776009,40,40,141,0.86046511627907,2,"TDPDFOR",9.95756331279945,9.95756331279945,0,0,1,7,1
"ID110",2009-06-12,2015-12-10,2019-12-07,"Y","A",9,12,"N",7148030,771514,164,77,254,1,1,"MLLFOR/TDPDFOR",10.4859685147159,3.99041752224504,2,8,0,4,10
"ID001",2007-05-17,2011-11-01,2019-10-06,"Y","D",13,13,"N",7157759,764973,30,28,61,0.822222222222222,1,"MLLFOR/TDPDFOR",12.3887748117728,7.927446954141,1,0,0,9,1
"ID039",2007-05-17,2010-11-01,2019-12-07,"N","",15,15,"N",7159811,764255,15,15,21,0.724137931034483,NA,NA,12.5585215605749,9.09650924024641,0,0,0,0,0
"ID028",2007-05-17,2007-05-17,2017-05-01,"N","C",38,38,"N",7144368,776903,18,18,70,0.941176470588235,NA,NA,9.95756331279945,9.95756331279945,0,0,0,0,0
"ID045",2007-05-17,2007-10-15,2019-12-07,"Y","H",17,17,"N",7148803,774333,22,22,80,0.947368421052632,1,"MLLFOR/TDPDFOR",12.5585215605749,12.1437371663244,1,1,0,8,2
"ID044",2011-05-06,NA,2018-10-21,"Y","H",6,10,"N",7142044,779194,21,2,36,NA,NA,NA,7.46064339493498,NA,0,0,0,0,0
"ID006",2011-01-24,2016-11-30,2019-12-07,"N","D",9,11,"N",7150202,769608,30,13,47,0.866666666666667,NA,NA,8.86789869952088,3.01574264202601,1,0,0,0,1
"ID043",2007-05-17,2009-10-31,2019-12-07,"Y","A",16,16,"N",7141552,778934,14,14,38,0.857142857142857,4,"SEAGRASS FOR",12.5585215605749,10.0985626283368,0,3,0,18,3
"ID042",2007-05-17,2007-05-17,2019-12-07,"Y","D",38,38,"N",7154387,767259,31,31,75,0.9375,2,"TDPDFOR",12.5585215605749,12.5585215605749,1,2,0,9,3
"ID101",2007-05-17,2007-05-17,2019-12-07,"Y","H",18,18,"N",7144006,776798,19,19,81,0.85,3,"SPF",12.5585215605749,12.5585215605749,4,2,0,6,6
"ID085",2016-04-17,NA,2019-12-07,"Y","A",6,NA,"N",7138473,776157,14,NA,39,NA,NA,NA,3.63860369609856,NA,0,0,0,0,0
"ID019",2012-08-25,NA,2019-12-07,"Y","C",8,10,"N",7141170,779809,22,6,32,0.909090909090909,NA,NA,7.28268309377139,NA,0,0,0,0,0
"ID172",2007-05-17,2007-05-17,2019-12-07,"Y","A",34,34,"N",7146781,775063,52,52,208,0.844444444444444,2,"TDPDFOR",12.5585215605749,12.5585215605749,0,0,0,4,0
"ID174",2011-09-10,NA,2019-12-07,"N","D",8,11,"N",7166421,759340,10,3,17,0.5,NA,NA,8.24093086926763,NA,0,0,0,0,0
"ID056",2007-05-17,2007-05-17,2019-12-07,"Y","H",17,17,"N",7142527,779215,20,20,67,0.826086956521739,3,"SPF",12.5585215605749,12.5585215605749,0,2,0,7,2
"ID030",2007-05-17,2007-05-17,2018-06-19,"Y","C",30,30,"N",7142401,778846,21,21,64,0.916666666666667,2,"TDPDFOR",11.0910335386721,11.0910335386721,2,0,0,11,2
"ID010",2007-05-17,2007-05-17,2011-05-01,"N","A",29,29,"N",7149443,768848,24,24,551,0.909090909090909,NA,NA,3.95619438740589,3.95619438740589,2,0,0,0,2
"ID018",2007-12-13,2011-11-01,2019-12-07,"Y","A",12,14,"N",7150070,769307,60,45,137,0.957446808510638,4,"SEAGRASS FOR",11.9835728952772,8.09719370294319,4,0,0,5,4
"ID144",2007-05-17,2007-05-17,2019-12-07,"Y","D",28,28,"N",7156604,766357,36,36,65,0.818181818181818,1,"MLLFOR/TDPDFOR",12.5585215605749,12.5585215605749,2,1,1,5,4
"ID051",2007-05-17,2007-05-17,2019-12-07,"Y","H",24,24,"N",7146736,775657,59,59,227,0.9,3,"SPF",12.5585215605749,12.5585215605749,0,1,1,21,2
"ID105",2007-05-17,2007-12-13,2019-12-07,"Y","E",16,16,"Y",7145502,772426,247,244,754,0.9375,4,"SEAGRASS FOR",12.5585215605749,11.9822039698836,3,4,0,4,7
"ID175",2007-05-17,2009-10-31,2016-08-25,"N","H",12,14,"N",7140104,780117,15,12,35,0.8,NA,NA,9.27583846680356,6.81587953456537,0,0,0,0,0
"ID126",2007-05-17,2007-05-17,2014-05-01,"N","A",37,37,"N",7157587,764834,12,12,135,0.818181818181818,NA,NA,6.95687885010267,6.95687885010267,2,0,0,0,2
"ID003",2007-05-17,2007-05-17,2018-05-18,"Y","",17,17,"N",7159210,764224,13,13,37,0.815789473684211,NA,NA,11.0034223134839,11.0034223134839,0,0,0,9,0
"ID171",2007-05-17,2012-02-15,2019-12-07,"Y","A",12,13,"N",7148862,770948,143,119,327,0.944444444444444,1,"MLLFOR/TDPDFOR",12.5585215605749,7.80698151950719,1,8,0,10,9
"ID130",2007-05-17,2007-05-17,2019-12-07,"Y","A",29,29,"N",7148088,771057,151,151,597,0.902777777777778,1,"MLLFOR/TDPDFOR",12.5585215605749,12.5585215605749,2,2,0,18,4
"ID122",2007-05-17,2007-05-17,2019-12-07,"N","",27,27,"N",7143564,777463,10,10,30,0.833333333333333,NA,NA,12.5585215605749,12.5585215605749,0,0,0,0,0
"ID118",2007-05-17,2007-05-17,2019-12-07,"Y","E",27,27,"N",7154252,767821,36,36,155,0.923076923076923,2,"TDPDFOR",12.5585215605749,12.5585215605749,1,2,0,16,3
"ID033",2011-11-01,NA,2019-12-07,"Y","",9,10,"N",7146348,777269,17,8,24,0.964285714285714,NA,NA,8.09856262833676,NA,0,0,0,0,0
"ID161",2007-05-17,2007-05-17,2017-05-01,"N","H",38,38,"N",7146096,776631,15,15,89,0.785714285714286,NA,NA,9.95756331279945,9.95756331279945,2,0,0,0,2
"ID147",2007-05-17,2007-05-17,2019-12-07,"Y","A",23,23,"N",7149272,769638,119,119,497,0.946428571428571,2,"TDPDFOR",12.5585215605749,12.5585215605749,0,8,0,7,8
"ID048",2007-05-17,2007-05-17,2018-05-01,"N","E",35,35,"N",7151753,771033,18,18,36,0.88,NA,NA,10.9568788501027,10.9568788501027,1,0,0,0,1
"ID120",2007-05-17,2008-10-31,2019-12-07,"Y","",15,15,"N",7150966,772193,17,17,22,0.875,2,"TDPDFOR",12.5585215605749,11.09787816564,0,2,0,2,2
"ID015",2007-05-17,2008-12-31,2019-12-07,"Y","A",16,16,"N",7139768,775847,47,45,66,0.705882352941177,4,"SEAGRASS FOR",12.5585215605749,10.9308692676249,1,1,1,8,3
"ID132",2007-05-17,2007-05-17,2015-07-06,"Y","A",36,36,"Y",7146255,771468,114,114,667,0.958333333333333,1,"MLLFOR/TDPDFOR",8.13689253935661,8.13689253935661,2,4,0,10,6
"ID176",2007-05-17,2010-11-01,2019-12-07,"Y","A",15,15,"N",7154773,768231,47,47,81,0.880597014925373,1,"MLLFOR/TDPDFOR",12.5585215605749,9.09650924024641,0,0,0,2,0
"ID162",2012-06-16,NA,2019-12-07,"Y","A",7,10,"N",7146497,773082,90,15,197,1,NA,NA,7.47433264887064,NA,0,0,0,0,0
"ID071",2007-05-17,2007-05-17,2014-05-01,"N","A",37,37,"N",7147239,774755,46,46,201,0.825,NA,NA,6.95687885010267,6.95687885010267,2,0,0,0,2
"ID133",2007-05-17,2007-05-17,2019-12-07,"Y","A",23,23,"N",7145090,777853,16,16,52,0.75,4,"SEAGRASS FOR",12.5585215605749,12.5585215605749,0,2,1,15,3
"ID041",2007-05-17,2007-05-17,2019-12-07,"Y","A",35,35,"N",7148518,775854,54,54,142,0.933333333333333,1,"MLLFOR/TDPDFOR",12.5585215605749,12.5585215605749,0,0,0,14,0
"ID116",2011-09-28,NA,2019-12-07,"Y","H",9,11,"N",7145519,775912,57,21,104,1,NA,NA,8.19164955509925,NA,0,0,0,0,0
"ID138",2011-05-16,2016-10-31,2019-12-07,"Y","",9,11,"N",7156783,766014,15,5,23,0.545454545454545,NA,NA,8.56125941136208,3.09787816563997,1,1,2,8,4
"ID158",2007-05-17,2007-05-17,2019-12-07,"Y","",29,29,"N",7152937,768619,23,23,33,0.75,2,"TDPDFOR",12.5585215605749,12.5585215605749,0,0,0,5,0
"ID164",2007-05-17,2007-05-17,2015-06-18,"Y","A",22,22,"N",7148182,769926,103,103,805,0.897959183673469,4,"SEAGRASS FOR",8.08761122518823,8.08761122518823,1,3,0,7,4
"ID154",2007-05-17,2011-11-01,2019-12-07,"N","",12,13,"N",7142514,779276,13,10,30,0.909090909090909,NA,NA,12.5585215605749,8.09719370294319,0,0,0,0,0
"ID054",2007-05-17,2007-05-17,2019-12-07,"Y","A",28,28,"N",7149127,774832,42,42,121,0.933333333333333,2,"TDPDFOR",12.5585215605749,12.5585215605749,0,2,0,13,2
"ID135",2007-05-17,2010-11-01,2019-12-07,"Y","D",13,14,"N",7146029,775394,79,63,185,0.92156862745098,2,"TDPDFOR",12.5585215605749,9.09650924024641,3,0,0,6,3
"ID020",2007-05-17,2007-05-17,2019-12-07,"Y","E",21,21,"Y",7145682,772128,252,252,933,0.928571428571429,1,"MLLFOR/TDPDFOR",12.5585215605749,12.5585215605749,3,4,0,7,7
"ID124",2007-05-17,2007-05-17,2019-09-04,"N","",24,24,"N",7138759,780999,10,10,23,0.7,NA,NA,12.3011635865845,12.3011635865845,0,0,0,0,0
"ID141",2007-05-17,2007-05-17,2018-07-22,"Y","E",20,20,"N",7153853,766968,33,33,114,0.911764705882353,2,"TDPDFOR",11.1813826146475,11.1813826146475,2,0,0,10,2
"ID063",2007-05-17,2007-05-17,2019-03-22,"Y","E",37,37,"Y",7145824,772062,222,222,975,0.948717948717949,1,"MLLFOR/TDPDFOR",11.8466803559206,11.8466803559206,3,3,0,3,6
"ID026",2009-05-01,2015-11-01,2019-12-07,"Y","D",8,10,"N",7145419,777485,21,9,32,1,NA,NA,10.6009582477755,4.09719370294319,3,0,0,8,3
"ID002",2007-05-17,2007-11-01,2019-12-07,"Y","",18,18,"N",7139253,775879,40,40,49,0.761904761904762,4,"SEAGRASS FOR",12.5585215605749,12.0971937029432,2,1,0,10,3
"ID079",2007-05-17,2009-10-31,2019-12-07,"Y","H",14,15,"N",7143150,779001,35,32,71,0.857142857142857,3,"SPF",12.5585215605749,10.0985626283368,2,6,0,13,8
"ID166",2009-09-15,2016-03-31,2019-12-07,"Y","D",9,12,"N",7145422,777596,22,8,34,0.941176470588235,NA,NA,10.2258726899384,3.68377823408624,2,3,0,5,5
"ID156",2007-05-17,2007-05-17,2019-12-07,"Y","D",37,37,"N",7172654,754282,12,12,28,0,NA,NA,12.5585215605749,12.5585215605749,1,0,1,7,2
"ID008",2007-05-17,2007-10-08,2019-12-07,"Y","A",16,16,"N",7148837,769292,151,151,497,0.927272727272727,4,"SEAGRASS FOR",12.5585215605749,12.1629021218344,1,5,0,11,6
"ID109",2007-05-17,2007-05-17,2019-06-27,"N","D",29,29,"N",7176634,752266,16,16,36,0.5,NA,NA,12.1122518822724,12.1122518822724,0,0,0,0,0
"ID121",2007-05-17,2007-05-17,2019-12-07,"Y","E",21,21,"N",7149782,773438,37,37,160,0.861111111111111,2,"TDPDFOR",12.5585215605749,12.5585215605749,1,1,0,10,2
"ID004",2015-06-18,NA,2019-12-07,"Y","A",6,NA,"N",7148279,770005,53,NA,110,NA,NA,NA,4.47091033538672,NA,0,0,0,0,0
"ID094",2007-05-17,2012-04-30,2019-12-07,"N","A",13,14,"N",7156806,766079,16,15,32,0.827586206896552,NA,NA,12.5585215605749,7.60164271047228,0,0,0,0,0
"ID080",2007-05-17,2007-05-17,2017-05-01,"Y","H",26,26,"N",7144655,777795,28,28,68,0.928571428571429,3,"SPF",9.95756331279945,9.95756331279945,3,0,0,10,3
"ID036",2007-06-01,2012-10-31,2019-12-07,"Y","",13,14,"N",7151726,769422,41,33,59,0.867924528301887,1,"MLLFOR/TDPDFOR",12.517453798768,7.09787816563997,0,0,2,6,2
"ID168",2007-05-17,2007-05-17,2014-05-01,"N","A",15,15,"N",7142428,775583,16,16,71,0.785714285714286,NA,NA,6.95687885010267,6.95687885010267,0,0,0,0,0
"ID081",2007-05-17,2007-05-17,2018-07-22,"Y","E",35,35,"N",7152576,770001,34,34,113,0.935483870967742,2,"TDPDFOR",11.1813826146475,11.1813826146475,2,0,0,12,2
"ID072",2007-05-17,2007-05-17,2017-10-07,"Y","C",26,26,"N",7141836,778180,18,18,52,0.894736842105263,2,"TDPDFOR",10.3928815879535,10.3928815879535,2,7,0,13,9
"ID037",2007-05-17,2009-02-28,2017-05-01,"Y","C",13,15,"N",7139800,777573,23,17,58,0.9375,4,"SEAGRASS FOR",9.95756331279945,8.16837782340862,0,0,0,17,0
"ID137",2007-05-17,2007-05-17,2018-07-27,"Y","A",19,19,"Y",7145798,772334,170,170,706,0.924528301886792,4,"SEAGRASS FOR",11.1950718685832,11.1950718685832,1,3,0,7,4
"ID055",2007-05-17,2007-05-17,2019-12-07,"Y","E",25,25,"N",7154904,766595,25,25,108,0.807692307692308,2,"TDPDFOR",12.5585215605749,12.5585215605749,1,2,0,5,3
"ID114",2007-05-17,2007-05-17,2019-12-07,"Y","A",19,19,"N",7148127,771115,174,174,586,0.878787878787879,1,"MLLFOR/TDPDFOR",12.5585215605749,12.5585215605749,2,6,0,8,8
"ID060",2007-05-17,2007-05-17,2013-11-01,"N","A",30,30,"N",7146752,774794,21,21,156,0.642857142857143,NA,NA,6.46132785763176,6.46132785763176,2,0,0,0,2
"ID152",2007-05-17,2007-05-17,2019-12-07,"Y","A",22,22,"N",7143919,778911,20,20,60,0.857142857142857,4,"SEAGRASS FOR",12.5585215605749,12.5585215605749,2,0,1,11,3
"ID082",2007-05-17,2009-10-31,2011-05-01,"N","A",10,10,"N",7146726,774922,13,10,88,0.761904761904762,NA,NA,3.95619438740589,1.49623545516769,2,0,0,0,2
"ID112",2007-05-17,2007-05-17,2019-12-07,"Y","A",24,24,"N",7155804,765939,68,68,196,0.857142857142857,4,"SEAGRASS FOR",12.5585215605749,12.5585215605749,3,0,0,14,3
"ID031",2014-09-18,NA,2019-12-07,"Y","A",7,NA,"N",7145470,773123,61,NA,154,NA,NA,NA,5.21834360027379,NA,0,0,0,0,0
"ID163",2007-05-17,2007-05-17,2019-12-07,"Y","H",24,24,"N",7146310,776369,18,18,93,0.894736842105263,3,"SPF",12.5585215605749,12.5585215605749,4,0,0,2,4
"ID155",2007-05-17,2007-05-17,2012-05-01,"N","H",37,37,"N",7144506,775627,17,17,88,0.882352941176471,NA,NA,4.95824777549624,4.95824777549624,1,0,0,0,1
"ID113",2008-05-01,2012-10-31,2019-12-07,"Y","E",13,13,"N",7150127,773495,22,20,36,0.857142857142857,1,"MLLFOR/TDPDFOR",11.6002737850787,7.09787816563997,1,0,1,12,2
"ID117",2007-05-17,2007-05-17,2019-03-25,"Y","A",34,34,"Y",7146130,771938,148,148,756,0.928571428571429,4,"SEAGRASS FOR",11.854893908282,11.854893908282,1,3,0,7,4
"ID095",2007-05-17,2007-05-17,2019-12-07,"Y","",23,23,"N",7141869,778855,24,24,58,1,3,"SPF",12.5585215605749,12.5585215605749,0,0,0,12,0
"ID160",2007-05-17,2007-05-17,2019-12-07,"Y","A",27,27,"N",7142079,776899,28,28,80,0.789473684210526,1,"MLLFOR/TDPDFOR",12.5585215605749,12.5585215605749,0,1,0,12,1
"ID011",2007-05-17,2007-05-17,2019-12-07,"Y","H",22,22,"N",7147201,777562,16,16,54,1,4,"SEAGRASS FOR",12.5585215605749,12.5585215605749,1,1,0,5,2
"ID103",2007-05-17,2007-05-17,2019-12-07,"Y","A",30,30,"N",7144480,777961,19,19,81,0.857142857142857,4,"SEAGRASS FOR",12.5585215605749,12.5585215605749,2,2,0,17,4
"ID053",2007-05-17,2010-11-01,2019-12-07,"Y","E",14,15,"N",7153550,767717,48,44,92,0.861111111111111,2,"TDPDFOR",12.5585215605749,9.09650924024641,3,9,0,7,12
"ID050",2007-05-17,2012-10-31,2019-09-16,"Y","E",13,14,"N",7145829,776525,22,19,45,1,3,"SPF",12.3340177960301,6.87337440109514,1,0,0,7,1
"ID139",2007-05-17,2012-10-14,2019-12-07,"Y","A",12,13,"N",7161182,762604,13,11,28,0.789473684210526,NA,NA,12.5585215605749,7.14442162902122,0,1,0,12,1
"ID170",2007-05-17,2007-05-17,2019-08-26,"Y","E",28,28,"N",7145121,777320,15,15,30,0.933333333333333,NA,NA,12.2765229295003,12.2765229295003,1,0,0,4,1
"ID106",2007-05-17,2007-05-17,2015-05-01,"N","E",39,39,"N",7153543,768562,17,17,130,0.896551724137931,NA,NA,7.95619438740589,7.95619438740589,1,0,0,0,1
"ID091",2009-06-01,2016-10-31,2019-12-07,"Y","D",8,12,"N",7149916,770068,72,22,97,0.96551724137931,2,"TDPDFOR",10.5160848733744,3.09787816563997,2,0,0,4,2
"ID062",2012-07-08,NA,2019-12-07,"Y","A",6,10,"N",7145156,773870,82,6,150,1,NA,NA,7.41409993155373,NA,0,0,0,0,0
"ID046",2007-05-17,2007-05-17,2016-04-15,"Y","E",28,28,"N",7153460,767425,29,29,161,0.880952380952381,2,"TDPDFOR",8.91444216290212,8.91444216290212,3,0,0,5,3
"ID173",2007-05-17,2007-05-17,2019-12-07,"Y","C",18,18,"N",7141446,779370,30,30,73,0.8,2,"TDPDFOR",12.5585215605749,12.5585215605749,2,0,0,8,2
"ID035",2007-05-17,2007-11-01,2019-12-07,"Y","D",17,17,"N",7146161,775240,55,55,144,0.887096774193548,2,"TDPDFOR",12.5585215605749,12.0971937029432,3,0,0,6,3
"ID145",2011-04-26,2016-11-30,2019-12-07,"Y","A",9,11,"N",7158489,764344,16,8,25,0.583333333333333,NA,NA,8.61601642710472,3.01574264202601,1,0,2,4,3
"ID076",2007-05-17,2007-05-17,2019-12-07,"Y","A",27,27,"N",7141614,775726,32,32,95,0.826086956521739,1,"MLLFOR/TDPDFOR",12.5585215605749,12.5585215605749,0,2,1,19,3
"ID125",2007-05-17,2010-11-01,2019-12-07,"Y","E",14,14,"N",7150403,775634,22,22,67,0.935483870967742,1,"MLLFOR/TDPDFOR",12.5585215605749,9.09650924024641,1,6,0,6,7
"ID092",2007-05-17,2012-10-31,2019-12-07,"Y","D",12,13,"N",7149638,771382,75,56,123,0.938775510204082,2,"TDPDFOR",12.5585215605749,7.09787816563997,2,0,0,8,2
"ID104",2007-12-19,2009-05-16,2019-12-07,"Y","D",15,16,"N",7158709,764230,29,25,125,0.925,1,"MLLFOR/TDPDFOR",11.9671457905544,10.5585215605749,0,3,0,6,3
"ID088",2007-05-17,2007-05-17,2019-12-07,"Y","",26,26,"N",7160167,763923,19,19,29,0.838709677419355,1,"MLLFOR/TDPDFOR",12.5585215605749,12.5585215605749,0,0,4,1,4
"ID009",2018-05-22,NA,2019-12-07,"Y","E",7,NA,"N",7145967,772083,45,NA,189,NA,NA,NA,1.54414784394251,NA,0,0,0,0,0
"ID084",2007-05-17,2010-11-01,2019-12-07,"Y","",15,15,"N",7154023,767736,28,27,37,0.9,1,"MLLFOR/TDPDFOR",12.5585215605749,9.09650924024641,0,0,0,7,0
"ID134",2007-05-17,2007-05-17,2019-12-07,"Y","D",24,24,"N",7151070,769206,40,40,130,0.863636363636364,2,"TDPDFOR",12.5585215605749,12.5585215605749,2,0,0,1,2
"ID150",2007-05-17,2008-10-18,2019-12-07,"Y","A",16,16,"N",7148794,770391,150,146,414,0.901408450704225,1,"MLLFOR/TDPDFOR",12.5585215605749,11.1334702258727,3,3,0,8,6
"ID128",2014-03-03,NA,2019-12-07,"Y","H",7,NA,"N",7141138,778934,15,NA,33,NA,NA,NA,5.76317590691307,NA,0,0,0,0,0
"ID129",2015-04-15,NA,2019-12-07,"Y","D",5,NA,"N",7151179,768698,13,NA,25,NA,NA,NA,4.64613278576318,NA,0,0,0,0,0
"ID017",2007-05-17,NA,2009-11-20,"N","A",6,NA,"N",7146952,770818,27,NA,143,NA,NA,NA,2.51334702258727,NA,0,0,0,0,0
"ID049",2007-05-17,2010-11-01,2019-12-07,"Y","D",13,14,"N",7149193,770756,118,99,285,0.9,1,"MLLFOR/TDPDFOR",12.5585215605749,9.09650924024641,1,4,0,11,5
"ID057",2007-05-17,2007-05-17,2017-04-03,"Y","D",26,26,"N",7149455,770583,82,82,407,0.904761904761905,1,"MLLFOR/TDPDFOR",9.88090349075975,9.88090349075975,1,8,0,10,9
